zone,datetime,updatedAt,createdAt,unit,value,flowTraced,isEstimated,estimationMethod
IN-WE,2026-08-30T03:00:00.000Z,2026-08-31T05:20:09.085Z,2026-08-29T18:20:13.429Z,%,33,True,False,
IN-WE,2026-08-30T04:00:00.000Z,2026-08-31T05:20:10.705Z,2026-08-29T18:20:22.493Z,%,39,True,False,
IN-WE,2026-08-30T05:00:00.000Z,2026-08-31T05:20:06.131Z,2026-08-29T21:19:55.119Z,%,41,True,False,
IN-WE,2026-08-30T06:00:00.000Z,2026-08-31T05:20:14.731Z,2026-08-29T22:19:47.438Z,%,43,True,False,
IN-WE,2026-08-30T07:00:00.000Z,2026-08-31T05:20:04.432Z,2026-08-29T23:20:30.296Z,%,42,True,False,
IN-WE,2026-08-30T08:00:00.000Z,2026-08-31T05:20:05.651Z,2026-08-30T00:19:37.403Z,%,41,True,False,
IN-WE,2026-08-30T09:00:00.000Z,2026-08-31T05:20:06.131Z,2026-08-30T00:19:21.065Z,%,41,True,False,
IN-WE,2026-08-30T10:00:00.000Z,2026-08-31T05:20:09.085Z,2026-08-30T00:19:31.899Z,%,38,True,False,
IN-WE,2026-08-30T11:00:00.000Z,2026-08-31T05:20:04.882Z,2026-08-30T03:20:02.343Z,%,33,True,False,
IN-WE,2026-08-30T12:00:00.000Z,2026-08-31T05:20:09.085Z,2026-08-30T04:20:06.324Z,%,26,True,False,
IN-WE,2026-08-30T13:00:00.000Z,2026-08-31T05:20:14.016Z,2026-08-30T05:19:38.730Z,%,22,True,False,
IN-WE,2026-08-30T14:00:00.000Z,2026-08-31T05:20:17.080Z,2026-08-30T06:19:55.000Z,%,20,True,False,
IN-WE,2026-08-30T15:00:00.000Z,2026-08-31T05:20:07.223Z,2026-08-30T06:20:00.529Z,%,20,True,False,
IN-WE,2026-08-30T16:00:00.000Z,2026-08-31T05:20:11.749Z,2026-08-30T06:20:08.031Z,%,20,True,False,
IN-WE,2026-08-30T17:00:00.000Z,2026-08-31T05:20:13.584Z,2026-08-30T09:20:26.246Z,%,20,True,False,
IN-WE,2026-08-30T18:00:00.000Z,2026-09-02T02:19:34.048Z,2026-08-30T10:20:12.610Z,%,20,True,False,
IN-WE,2026-08-30T19:00:00.000Z,2026-09-02T02:19:37.462Z,2026-08-30T11:19:39.771Z,%,21,True,False,
IN-WE,2026-08-30T20:00:00.000Z,2026-09-02T02:19:39.462Z,2026-08-30T12:20:08.634Z,%,21,True,False,
IN-WE,2026-08-30T21:00:00.000Z,2026-09-02T02:19:36.316Z,2026-08-30T12:19:59.177Z,%,20,True,False,
IN-WE,2026-08-30T22:00:00.000Z,2026-09-02T02:19:29.796Z,2026-08-30T12:20:07.479Z,%,20,True,False,
IN-WE,2026-08-30T23:00:00.000Z,2026-09-02T02:19:35.966Z,2026-08-30T15:20:10.283Z,%,19,True,False,
IN-WE,2026-08-31T00:00:00.000Z,2026-09-02T02:19:25.215Z,2026-08-30T16:19:42.542Z,%,19,True,False,
IN-WE,2026-08-31T01:00:00.000Z,2026-09-02T02:19:28.892Z,2026-08-30T17:19:48.001Z,%,20,True,False,
IN-WE,2026-08-31T02:00:00.000Z,2026-09-02T02:19:38.312Z,2026-08-30T18:20:05.389Z,%,24,True,False,
IN-WE,2026-08-31T03:00:00.000Z,2026-09-02T02:19:29.345Z,2026-08-30T18:20:16.317Z,%,31,True,False,
IN-WE,2026-08-31T04:00:00.000Z,2026-09-02T02:19:32.326Z,2026-08-30T18:20:06.623Z,%,36,True,False,
IN-WE,2026-08-31T05:00:00.000Z,2026-09-02T02:19:29.345Z,2026-08-30T21:19:52.628Z,%,40,True,False,
IN-WE,2026-08-31T06:00:00.000Z,2026-09-02T02:19:31.541Z,2026-08-30T22:19:48.839Z,%,42,True,False,
IN-WE,2026-08-31T07:00:00.000Z,2026-09-02T02:19:25.215Z,2026-08-30T23:19:46.618Z,%,42,True,False,
IN-WE,2026-08-31T08:00:00.000Z,2026-09-02T02:19:37.071Z,2026-08-31T00:20:13.801Z,%,42,True,False,
IN-WE,2026-08-31T09:00:00.000Z,2026-09-02T02:19:33.224Z,2026-08-31T00:20:03.590Z,%,40,True,False,
IN-WE,2026-08-31T10:00:00.000Z,2026-09-02T02:19:34.815Z,2026-08-31T00:20:14.472Z,%,36,True,False,
IN-WE,2026-08-31T11:00:00.000Z,2026-09-02T02:19:36.757Z,2026-08-31T03:19:54.365Z,%,31,True,False,
IN-WE,2026-08-31T12:00:00.000Z,2026-09-02T02:19:29.345Z,2026-08-31T04:19:34.585Z,%,24,True,False,
IN-WE,2026-08-31T13:00:00.000Z,2026-09-02T02:19:32.326Z,2026-08-31T05:20:13.584Z,%,21,True,False,
IN-WE,2026-08-31T14:00:00.000Z,2026-09-02T02:19:37.071Z,2026-08-31T06:20:01.585Z,%,20,True,False,
IN-WE,2026-08-31T15:00:00.000Z,2026-09-02T02:19:31.541Z,2026-08-31T06:19:59.093Z,%,20,True,False,
IN-WE,2026-08-31T16:00:00.000Z,2026-09-02T02:19:32.326Z,2026-08-31T06:19:59.742Z,%,19,True,False,
IN-WE,2026-08-31T17:00:00.000Z,2026-09-02T02:19:29.796Z,2026-08-31T09:20:12.696Z,%,19,True,False,
IN-WE,2026-08-31T18:00:00.000Z,2026-09-02T09:04:50.659Z,2026-08-31T10:20:11.047Z,%,19,True,False,
IN-WE,2026-08-31T19:00:00.000Z,2026-09-02T09:04:47.396Z,2026-08-31T11:20:05.719Z,%,19,True,False,
IN-WE,2026-08-31T20:00:00.000Z,2026-09-02T09:04:47.808Z,2026-08-31T12:20:00.622Z,%,19,True,False,
IN-WE,2026-08-31T21:00:00.000Z,2026-09-02T09:04:40.637Z,2026-08-31T12:20:02.908Z,%,18,True,False,
IN-WE,2026-08-31T22:00:00.000Z,2026-09-02T09:04:49.639Z,2026-08-31T12:19:57.138Z,%,18,True,False,
IN-WE,2026-08-31T23:00:00.000Z,2026-09-02T09:04:48.557Z,2026-08-31T15:21:11.301Z,%,17,True,False,
IN-WE,2026-09-01T00:00:00.000Z,2026-09-02T09:04:41.335Z,2026-08-31T16:20:22.965Z,%,17,True,False,
IN-WE,2026-09-01T01:00:00.000Z,2026-09-02T09:04:45.871Z,2026-08-31T17:20:50.250Z,%,18,True,False,
IN-WE,2026-09-01T02:00:00.000Z,2026-09-02T09:04:42.939Z,2026-08-31T18:19:45.224Z,%,23,True,False,
IN-WE,2026-09-01T03:00:00.000Z,2026-09-02T09:04:43.767Z,2026-08-31T18:19:51.953Z,%,32,True,False,
IN-WE,2026-09-01T04:00:00.000Z,2026-09-02T09:04:40.000Z,2026-08-31T18:19:54.152Z,%,38,True,False,
IN-WE,2026-09-01T05:00:00.000Z,2026-09-02T09:04:44.565Z,2026-08-31T21:20:11.622Z,%,41,True,False,
IN-WE,2026-09-01T06:00:00.000Z,2026-09-02T09:04:47.808Z,2026-08-31T22:19:42.339Z,%,42,True,False,
IN-WE,2026-09-01T07:00:00.000Z,2026-09-02T09:04:45.871Z,2026-08-31T23:19:45.449Z,%,42,True,False,
IN-WE,2026-09-01T08:00:00.000Z,2026-09-02T09:04:47.808Z,2026-09-01T00:20:00.438Z,%,41,True,False,
IN-WE,2026-09-01T09:00:00.000Z,2026-09-02T09:04:44.171Z,2026-09-01T00:19:49.810Z,%,39,True,False,
IN-WE,2026-09-01T10:00:00.000Z,2026-09-02T09:04:44.171Z,2026-09-01T00:19:49.328Z,%,35,True,False,
IN-WE,2026-09-01T11:00:00.000Z,2026-09-02T09:04:51.566Z,2026-09-01T03:20:03.221Z,%,30,True,False,
IN-WE,2026-09-01T12:00:00.000Z,2026-09-02T09:04:50.975Z,2026-09-01T04:19:50.116Z,%,24,True,False,
IN-WE,2026-09-01T13:00:00.000Z,2026-09-02T09:04:46.232Z,2026-09-01T05:19:28.468Z,%,19,True,False,
IN-WE,2026-09-01T14:00:00.000Z,2026-09-02T09:04:44.565Z,2026-09-01T06:19:57.365Z,%,18,True,False,
IN-WE,2026-09-01T15:00:00.000Z,2026-09-02T09:04:49.936Z,2026-09-01T06:19:56.002Z,%,18,True,False,
IN-WE,2026-09-01T16:00:00.000Z,2026-09-02T09:04:46.595Z,2026-09-01T06:19:36.279Z,%,18,True,False,
IN-WE,2026-09-01T17:00:00.000Z,2026-09-02T09:04:42.287Z,2026-09-01T09:19:55.719Z,%,17,True,False,
IN-WE,2026-09-01T18:00:00.000Z,2026-09-03T06:34:42.238Z,2026-09-01T10:21:08.746Z,%,15,True,False,
IN-WE,2026-09-01T19:00:00.000Z,2026-09-03T06:34:56.859Z,2026-09-01T11:20:26.857Z,%,14,True,False,
IN-WE,2026-09-01T20:00:00.000Z,2026-09-03T06:34:56.527Z,2026-09-01T12:19:56.131Z,%,14,True,False,
IN-WE,2026-09-01T21:00:00.000Z,2026-09-03T06:34:44.775Z,2026-09-01T12:20:03.040Z,%,14,True,False,
IN-WE,2026-09-01T22:00:00.000Z,2026-09-03T06:34:52.678Z,2026-09-01T12:20:03.040Z,%,14,True,False,
IN-WE,2026-09-01T23:00:00.000Z,2026-09-03T06:34:53.784Z,2026-09-01T15:20:10.370Z,%,13,True,False,
IN-WE,2026-09-02T00:00:00.000Z,2026-09-03T06:34:55.752Z,2026-09-01T16:20:06.178Z,%,13,True,False,
IN-WE,2026-09-02T01:00:00.000Z,2026-09-03T06:34:51.154Z,2026-09-01T17:20:12.386Z,%,15,True,False,
IN-WE,2026-09-02T02:00:00.000Z,2026-09-03T06:34:54.632Z,2026-09-01T18:19:59.489Z,%,20,True,False,
IN-WE,2026-09-02T03:00:00.000Z,2026-09-03T06:34:57.449Z,2026-09-01T18:19:46.141Z,%,28,True,False,
IN-WE,2026-09-02T04:00:00.000Z,2026-09-03T06:34:49.206Z,2026-09-01T18:19:58.610Z,%,33,True,False,
IN-WE,2026-09-02T05:00:00.000Z,2026-09-03T06:34:56.527Z,2026-09-01T21:19:53.726Z,%,36,True,False,
IN-WE,2026-09-02T06:00:00.000Z,2026-09-03T06:34:45.590Z,2026-09-01T22:19:35.404Z,%,37,True,False,
IN-WE,2026-09-02T07:00:00.000Z,2026-09-03T06:34:45.590Z,2026-09-01T23:20:00.179Z,%,38,True,False,
IN-WE,2026-09-02T08:00:00.000Z,2026-09-03T06:34:48.767Z,2026-09-02T00:19:57.503Z,%,38,True,False,
IN-WE,2026-09-02T09:00:00.000Z,2026-09-03T06:34:51.610Z,2026-09-02T00:19:43.132Z,%,35,True,False,
IN-WE,2026-09-02T10:00:00.000Z,2026-09-03T06:34:52.339Z,2026-09-02T00:19:56.690Z,%,32,True,False,
IN-WE,2026-09-02T11:00:00.000Z,2026-09-03T06:34:48.292Z,2026-09-02T03:20:30.727Z,%,26,True,False,
IN-WE,2026-09-02T12:00:00.000Z,2026-09-03T06:34:47.445Z,2026-09-02T04:20:16.196Z,%,21,True,False,
IN-WE,2026-09-02T13:00:00.000Z,2026-09-03T06:34:53.314Z,2026-09-02T05:20:10.831Z,%,17,True,False,
IN-WE,2026-09-02T14:00:00.000Z,2026-09-03T06:34:47.874Z,2026-09-02T06:20:01.600Z,%,17,True,False,
IN-WE,2026-09-02T15:00:00.000Z,2026-09-03T06:34:54.264Z,2026-09-02T06:19:50.072Z,%,16,True,False,
IN-WE,2026-09-02T16:00:00.000Z,2026-09-03T06:34:55.319Z,2026-09-02T06:19:52.113Z,%,16,True,False,
IN-WE,2026-09-02T17:00:00.000Z,2026-09-03T06:34:45.590Z,2026-09-02T09:19:51.373Z,%,15,True,False,
IN-WE,2026-09-02T18:00:00.000Z,2026-09-04T06:19:38.007Z,2026-09-02T10:19:56.717Z,%,15,True,False,
IN-WE,2026-09-02T19:00:00.000Z,2026-09-04T06:19:35.785Z,2026-09-02T11:19:48.233Z,%,15,True,False,
IN-WE,2026-09-02T20:00:00.000Z,2026-09-04T06:19:36.348Z,2026-09-02T12:19:36.720Z,%,14,True,False,
IN-WE,2026-09-02T21:00:00.000Z,2026-09-04T06:19:43.586Z,2026-09-02T12:19:47.742Z,%,13,True,False,
IN-WE,2026-09-02T22:00:00.000Z,2026-09-04T06:19:43.965Z,2026-09-02T12:19:40.549Z,%,13,True,False,
IN-WE,2026-09-02T23:00:00.000Z,2026-09-04T06:19:37.546Z,2026-09-02T15:19:47.165Z,%,12,True,False,
IN-WE,2026-09-03T00:00:00.000Z,2026-09-04T06:19:43.236Z,2026-09-02T16:24:23.566Z,%,12,True,False,
IN-WE,2026-09-03T01:00:00.000Z,2026-09-04T06:19:46.918Z,2026-09-02T17:19:49.002Z,%,14,True,False,
IN-WE,2026-09-03T02:00:00.000Z,2026-09-04T06:19:42.053Z,2026-09-02T18:20:22.933Z,%,20,True,False,
IN-WE,2026-09-03T03:00:00.000Z,2026-09-04T06:19:36.348Z,2026-09-02T18:19:54.190Z,%,29,True,False,
IN-WE,2026-09-03T04:00:00.000Z,2026-09-04T06:19:34.878Z,2026-09-02T18:20:21.410Z,%,35,True,False,
IN-WE,2026-09-03T05:00:00.000Z,2026-09-04T06:19:45.180Z,2026-09-02T21:19:53.942Z,%,38,True,False,
IN-WE,2026-09-03T06:00:00.000Z,2026-09-04T06:19:43.965Z,2026-09-02T22:19:51.348Z,%,40,True,False,
IN-WE,2026-09-03T07:00:00.000Z,2026-09-04T06:19:41.616Z,2026-09-02T23:20:06.216Z,%,41,True,False,
IN-WE,2026-09-03T08:00:00.000Z,2026-09-04T06:19:39.293Z,2026-09-03T00:20:05.637Z,%,40,True,False,
IN-WE,2026-09-03T09:00:00.000Z,2026-09-04T06:19:48.834Z,2026-09-03T00:20:04.702Z,%,37,True,False,
IN-WE,2026-09-03T10:00:00.000Z,2026-09-04T06:19:48.517Z,2026-09-03T00:20:07.417Z,%,34,True,False,
IN-WE,2026-09-03T11:00:00.000Z,2026-09-04T06:19:42.369Z,2026-09-03T03:19:44.218Z,%,28,True,False,
IN-WE,2026-09-03T12:00:00.000Z,2026-09-04T06:19:44.495Z,2026-09-03T04:19:40.332Z,%,22,True,False,
IN-WE,2026-09-03T13:00:00.000Z,2026-09-04T06:19:45.180Z,2026-09-03T05:19:44.000Z,%,17,True,False,
IN-WE,2026-09-03T14:00:00.000Z,2026-09-04T06:19:43.965Z,2026-09-03T06:20:33.661Z,%,17,True,False,
IN-WE,2026-09-03T15:00:00.000Z,2026-09-04T06:19:33.351Z,2026-09-03T06:20:32.791Z,%,16,True,False,
IN-WE,2026-09-03T16:00:00.000Z,2026-09-04T06:19:46.299Z,2026-09-03T06:19:58.937Z,%,15,True,False,
IN-WE,2026-09-03T17:00:00.000Z,2026-09-04T06:19:41.616Z,2026-09-03T07:50:01.782Z,%,15,True,False,
IN-WE,2026-09-03T18:00:00.000Z,2026-09-05T06:35:16.674Z,2026-09-03T07:49:56.760Z,%,16,True,False,
IN-WE,2026-09-03T19:00:00.000Z,2026-09-05T06:35:14.861Z,2026-09-03T07:49:55.070Z,%,17,True,False,
IN-WE,2026-09-03T20:00:00.000Z,2026-09-05T06:35:16.674Z,2026-09-03T07:49:56.760Z,%,17,True,False,
IN-WE,2026-09-03T21:00:00.000Z,2026-09-05T06:35:15.761Z,2026-09-03T07:50:03.285Z,%,17,True,False,
IN-WE,2026-09-03T22:00:00.000Z,2026-09-05T06:35:20.915Z,2026-09-03T07:49:57.170Z,%,17,True,False,
IN-WE,2026-09-03T23:00:00.000Z,2026-09-05T06:35:08.029Z,2026-09-03T07:50:07.872Z,%,16,True,False,
IN-WE,2026-09-04T00:00:00.000Z,2026-09-05T06:35:09.635Z,2026-09-03T07:50:04.041Z,%,16,True,False,
IN-WE,2026-09-04T01:00:00.000Z,2026-09-05T06:35:20.217Z,2026-09-03T07:50:00.027Z,%,16,True,False,
IN-WE,2026-09-04T02:00:00.000Z,2026-09-05T06:35:19.273Z,2026-09-03T07:50:07.349Z,%,21,True,False,
IN-WE,2026-09-04T03:00:00.000Z,2026-09-05T06:35:14.408Z,2026-09-03T18:19:59.178Z,%,29,True,False,
IN-WE,2026-09-04T04:00:00.000Z,2026-09-05T06:35:16.243Z,2026-09-03T18:19:53.144Z,%,35,True,False,
IN-WE,2026-09-04T05:00:00.000Z,2026-09-05T06:35:10.764Z,2026-09-03T21:19:33.176Z,%,38,True,False,
IN-WE,2026-09-04T06:00:00.000Z,2026-09-05T06:35:14.861Z,2026-09-03T22:19:54.833Z,%,39,True,False,
IN-WE,2026-09-04T07:00:00.000Z,2026-09-05T06:35:14.861Z,2026-09-03T23:19:55.445Z,%,39,True,False,
IN-WE,2026-09-04T08:00:00.000Z,2026-09-05T06:35:17.120Z,2026-09-04T00:20:13.180Z,%,40,True,False,
IN-WE,2026-09-04T09:00:00.000Z,2026-09-05T06:35:08.506Z,2026-09-04T00:20:06.833Z,%,38,True,False,
IN-WE,2026-09-04T10:00:00.000Z,2026-09-05T06:35:09.635Z,2026-09-04T00:20:12.001Z,%,35,True,False,
IN-WE,2026-09-04T11:00:00.000Z,2026-09-05T06:35:05.383Z,2026-09-04T03:19:40.776Z,%,30,True,False,
IN-WE,2026-09-04T12:00:00.000Z,2026-09-05T06:35:08.029Z,2026-09-04T04:20:42.094Z,%,25,True,False,
IN-WE,2026-09-04T13:00:00.000Z,2026-09-05T06:35:20.915Z,2026-09-04T05:20:02.095Z,%,20,True,False,
IN-WE,2026-09-04T14:00:00.000Z,2026-09-05T06:35:10.764Z,2026-09-04T06:19:42.776Z,%,19,True,False,
IN-WE,2026-09-04T15:00:00.000Z,2026-09-05T06:35:20.217Z,2026-09-04T06:19:45.554Z,%,18,True,False,
IN-WE,2026-09-04T16:00:00.000Z,2026-09-05T06:35:17.991Z,2026-09-04T06:19:43.586Z,%,17,True,False,
IN-WE,2026-09-04T17:00:00.000Z,2026-09-05T06:35:12.239Z,2026-09-04T09:19:57.654Z,%,17,True,False,
IN-WE,2026-09-04T18:00:00.000Z,2026-09-06T05:20:20.747Z,2026-09-04T10:20:03.397Z,%,17,True,False,
IN-WE,2026-09-04T19:00:00.000Z,2026-09-06T05:20:23.262Z,2026-09-04T11:19:47.526Z,%,17,True,False,
IN-WE,2026-09-04T20:00:00.000Z,2026-09-06T05:20:20.199Z,2026-09-04T12:20:11.285Z,%,17,True,False,
IN-WE,2026-09-04T21:00:00.000Z,2026-09-06T05:20:23.262Z,2026-09-04T12:20:15.445Z,%,17,True,False,
IN-WE,2026-09-04T22:00:00.000Z,2026-09-06T05:20:26.756Z,2026-09-04T12:20:10.973Z,%,17,True,False,
IN-WE,2026-09-04T23:00:00.000Z,2026-09-06T05:20:25.053Z,2026-09-04T15:19:52.989Z,%,16,True,False,
IN-WE,2026-09-05T00:00:00.000Z,2026-09-06T05:19:41.685Z,2026-09-04T16:19:42.643Z,%,16,True,False,
IN-WE,2026-09-05T01:00:00.000Z,2026-09-06T05:19:47.323Z,2026-09-04T17:20:53.608Z,%,16,True,False,
IN-WE,2026-09-05T02:00:00.000Z,2026-09-06T05:20:19.405Z,2026-09-04T18:19:56.979Z,%,22,True,False,
IN-WE,2026-09-05T03:00:00.000Z,2026-09-06T05:19:47.323Z,2026-09-04T18:19:54.972Z,%,29,True,False,
IN-WE,2026-09-05T04:00:00.000Z,2026-09-06T05:19:42.273Z,2026-09-04T18:19:52.834Z,%,35,True,False,
IN-WE,2026-09-05T05:00:00.000Z,2026-09-06T05:20:23.714Z,2026-09-04T21:19:38.722Z,%,39,True,False,
IN-WE,2026-09-05T06:00:00.000Z,2026-09-06T05:19:41.685Z,2026-09-04T22:19:38.993Z,%,40,True,False,
IN-WE,2026-09-05T07:00:00.000Z,2026-09-06T05:19:43.649Z,2026-09-04T23:19:37.999Z,%,40,True,False,
IN-WE,2026-09-05T08:00:00.000Z,2026-09-06T05:20:24.209Z,2026-09-05T00:20:20.386Z,%,41,True,False,
IN-WE,2026-09-05T09:00:00.000Z,2026-09-06T05:20:19.882Z,2026-09-05T00:20:19.750Z,%,38,True,False,
IN-WE,2026-09-05T10:00:00.000Z,2026-09-06T05:20:19.405Z,2026-09-05T00:20:18.880Z,%,35,True,False,
IN-WE,2026-09-05T11:00:00.000Z,2026-09-06T05:20:26.474Z,2026-09-05T03:20:28.809Z,%,30,True,False,
IN-WE,2026-09-05T12:00:00.000Z,2026-09-06T05:19:45.427Z,2026-09-05T04:19:26.121Z,%,24,True,False,
IN-WE,2026-09-05T13:00:00.000Z,2026-09-06T05:20:23.714Z,2026-09-05T05:20:03.505Z,%,20,True,False,
IN-WE,2026-09-05T14:00:00.000Z,2026-09-06T05:19:41.685Z,2026-09-05T06:19:58.344Z,%,19,True,False,
IN-WE,2026-09-05T15:00:00.000Z,2026-09-06T05:20:19.405Z,2026-09-05T06:19:56.903Z,%,19,True,False,
IN-WE,2026-09-05T16:00:00.000Z,2026-09-06T05:19:46.824Z,2026-09-05T06:19:53.581Z,%,18,True,False,
IN-WE,2026-09-05T17:00:00.000Z,2026-09-06T05:20:19.405Z,2026-09-05T09:20:00.881Z,%,17,True,False,
IN-WE,2026-09-05T18:00:00.000Z,2026-09-07T05:34:29.588Z,2026-09-05T10:20:46.698Z,%,15,True,False,
IN-WE,2026-09-05T19:00:00.000Z,2026-09-07T05:34:35.198Z,2026-09-05T11:20:34.065Z,%,15,True,False,
IN-WE,2026-09-05T20:00:00.000Z,2026-09-07T05:34:40.757Z,2026-09-05T12:21:04.388Z,%,15,True,False,
IN-WE,2026-09-05T21:00:00.000Z,2026-09-07T05:34:40.362Z,2026-09-05T12:20:29.826Z,%,15,True,False,
IN-WE,2026-09-05T22:00:00.000Z,2026-09-07T05:34:33.724Z,2026-09-05T12:21:11.019Z,%,13,True,False,
IN-WE,2026-09-05T23:00:00.000Z,2026-09-07T05:34:28.788Z,2026-09-05T15:19:58.728Z,%,13,True,False,
IN-WE,2026-09-06T00:00:00.000Z,2026-09-07T05:34:26.606Z,2026-09-05T16:19:40.176Z,%,13,True,False,
IN-WE,2026-09-06T01:00:00.000Z,2026-09-07T05:34:26.606Z,2026-09-05T17:21:50.182Z,%,15,True,False,
IN-WE,2026-09-06T02:00:00.000Z,2026-09-07T05:34:29.159Z,2026-09-05T18:19:52.491Z,%,22,True,False,
IN-WE,2026-09-06T03:00:00.000Z,2026-09-07T05:34:40.362Z,2026-09-05T18:20:06.260Z,%,32,True,False,
IN-WE,2026-09-06T04:00:00.000Z,2026-09-07T05:34:34.180Z,2026-09-05T18:20:03.175Z,%,39,True,False,
IN-WE,2026-09-06T05:00:00.000Z,2026-09-07T05:34:39.585Z,2026-09-05T21:20:32.702Z,%,42,True,False,
IN-WE,2026-09-06T06:00:00.000Z,2026-09-07T05:34:33.724Z,2026-09-05T22:20:36.425Z,%,43,True,False,
IN-WE,2026-09-06T07:00:00.000Z,2026-09-07T05:34:26.606Z,2026-09-05T23:20:39.214Z,%,43,True,False,
IN-WE,2026-09-06T08:00:00.000Z,2026-09-07T05:34:36.703Z,2026-09-06T00:20:10.126Z,%,43,True,False,
IN-WE,2026-09-06T09:00:00.000Z,2026-09-07T05:34:37.790Z,2026-09-06T00:19:58.364Z,%,40,True,False,
IN-WE,2026-09-06T10:00:00.000Z,2026-09-07T05:34:34.180Z,2026-09-06T00:19:59.909Z,%,36,True,False,
IN-WE,2026-09-06T11:00:00.000Z,2026-09-07T05:34:41.787Z,2026-09-06T03:19:49.681Z,%,30,True,False,
IN-WE,2026-09-06T12:00:00.000Z,2026-09-07T05:34:41.375Z,2026-09-06T04:19:44.206Z,%,23,True,False,
IN-WE,2026-09-06T13:00:00.000Z,2026-09-07T05:34:41.787Z,2026-09-06T05:19:47.323Z,%,18,True,False,
IN-WE,2026-09-06T14:00:00.000Z,2026-09-07T05:34:32.813Z,2026-09-06T06:19:54.910Z,%,17,True,False,
IN-WE,2026-09-06T15:00:00.000Z,2026-09-07T05:34:40.362Z,2026-09-06T06:19:48.070Z,%,17,True,False,
IN-WE,2026-09-06T16:00:00.000Z,2026-09-07T05:34:32.142Z,2026-09-06T06:19:51.881Z,%,17,True,False,
IN-WE,2026-09-06T17:00:00.000Z,2026-09-07T05:34:31.818Z,2026-09-06T09:19:57.425Z,%,16,True,False,
IN-WE,2026-09-06T18:00:00.000Z,2026-09-08T05:04:53.563Z,2026-09-06T10:19:55.958Z,%,16,True,False,
IN-WE,2026-09-06T19:00:00.000Z,2026-09-08T05:05:01.609Z,2026-09-06T11:19:29.189Z,%,16,True,False,
IN-WE,2026-09-06T20:00:00.000Z,2026-09-08T05:05:02.156Z,2026-09-06T12:19:36.548Z,%,15,True,False,
IN-WE,2026-09-06T21:00:00.000Z,2026-09-08T05:04:54.241Z,2026-09-06T12:19:41.855Z,%,14,True,False,
IN-WE,2026-09-06T22:00:00.000Z,2026-09-08T05:05:01.609Z,2026-09-06T12:19:52.389Z,%,14,True,False,
IN-WE,2026-09-06T23:00:00.000Z,2026-09-08T05:05:00.047Z,2026-09-06T15:20:13.156Z,%,14,True,False,
IN-WE,2026-09-07T00:00:00.000Z,2026-09-08T05:05:03.983Z,2026-09-06T16:20:00.242Z,%,14,True,False,
IN-WE,2026-09-07T01:00:00.000Z,2026-09-08T05:05:03.983Z,2026-09-06T17:20:02.807Z,%,15,True,False,
IN-WE,2026-09-07T02:00:00.000Z,2026-09-08T05:05:02.967Z,2026-09-06T18:19:51.444Z,%,22,True,False,
IN-WE,2026-09-07T03:00:00.000Z,2026-09-08T05:04:52.432Z,2026-09-06T18:19:40.051Z,%,30,True,False,
IN-WE,2026-09-07T04:00:00.000Z,2026-09-08T05:05:01.609Z,2026-09-06T18:19:48.933Z,%,35,True,False,
IN-WE,2026-09-07T05:00:00.000Z,2026-09-08T05:04:59.656Z,2026-09-06T21:19:50.742Z,%,38,True,False,
IN-WE,2026-09-07T06:00:00.000Z,2026-09-08T05:04:56.093Z,2026-09-06T22:20:02.453Z,%,39,True,False,
IN-WE,2026-09-07T07:00:00.000Z,2026-09-08T05:05:00.474Z,2026-09-06T23:19:33.776Z,%,39,True,False,
IN-WE,2026-09-07T08:00:00.000Z,2026-09-08T05:04:58.726Z,2026-09-07T00:19:35.227Z,%,39,True,False,
IN-WE,2026-09-07T09:00:00.000Z,2026-09-08T05:04:50.617Z,2026-09-07T00:19:37.065Z,%,37,True,False,
IN-WE,2026-09-07T10:00:00.000Z,2026-09-08T05:04:54.241Z,2026-09-07T00:19:45.170Z,%,33,True,False,
IN-WE,2026-09-07T11:00:00.000Z,2026-09-08T05:04:54.928Z,2026-09-07T03:22:04.779Z,%,27,True,False,
IN-WE,2026-09-07T12:00:00.000Z,2026-09-08T05:04:53.563Z,2026-09-07T04:19:54.912Z,%,21,True,False,
IN-WE,2026-09-07T13:00:00.000Z,2026-09-08T05:04:57.267Z,2026-09-07T05:20:32.277Z,%,18,True,False,
IN-WE,2026-09-07T14:00:00.000Z,2026-09-08T05:05:00.474Z,2026-09-07T06:19:48.938Z,%,17,True,False,
IN-WE,2026-09-07T15:00:00.000Z,2026-09-08T05:04:53.563Z,2026-09-07T06:19:51.305Z,%,17,True,False,
IN-WE,2026-09-07T16:00:00.000Z,2026-09-08T05:05:03.720Z,2026-09-07T06:19:52.189Z,%,17,True,False,
IN-WE,2026-09-07T17:00:00.000Z,2026-09-08T05:04:49.403Z,2026-09-07T09:19:50.314Z,%,16,True,False,
IN-WE,2026-09-07T18:00:00.000Z,2026-09-08T05:05:01.609Z,2026-09-07T10:21:01.687Z,%,16,True,False,
IN-WE,2026-09-07T19:00:00.000Z,2026-09-08T05:04:57.267Z,2026-09-07T11:19:28.747Z,%,16,True,True,TIME_SLICER_AVERAGE
IN-WE,2026-09-07T20:00:00.000Z,2026-09-08T05:04:53.563Z,2026-09-07T12:05:08.468Z,%,16,True,True,TIME_SLICER_AVERAGE
IN-WE,2026-09-07T21:00:00.000Z,2026-09-08T05:04:55.370Z,2026-09-07T12:04:45.221Z,%,16,True,True,TIME_SLICER_AVERAGE
IN-WE,2026-09-07T22:00:00.000Z,2026-09-08T05:05:02.566Z,2026-09-07T12:05:11.031Z,%,15,True,True,TIME_SLICER_AVERAGE
IN-WE,2026-09-07T23:00:00.000Z,2026-09-08T05:05:01.242Z,2026-09-07T15:20:08.729Z,%,15,True,True,TIME_SLICER_AVERAGE
IN-WE,2026-09-08T00:00:00.000Z,2026-09-08T05:04:53.241Z,2026-09-07T16:19:36.951Z,%,15,True,True,TIME_SLICER_AVERAGE
IN-WE,2026-09-08T01:00:00.000Z,2026-09-08T05:05:02.156Z,2026-09-07T17:19:54.678Z,%,16,True,True,TIME_SLICER_AVERAGE
IN-WE,2026-09-08T02:00:00.000Z,2026-09-08T05:05:03.364Z,2026-09-07T18:20:02.506Z,%,21,True,True,TIME_SLICER_AVERAGE
IN-WE,2026-09-08T03:00:00.000Z,2026-09-08T05:04:50.617Z,2026-09-07T18:19:49.806Z,%,29,True,True,TIME_SLICER_AVERAGE
IN-WE,2026-09-08T04:00:00.000Z,2026-09-08T05:05:02.566Z,2026-09-07T18:20:03.467Z,%,34,True,True,TIME_SLICER_AVERAGE
IN-WE,2026-09-08T05:00:00.000Z,2026-09-08T05:05:03.364Z,2026-09-07T21:19:51.657Z,%,37,True,True,TIME_SLICER_AVERAGE
IN-WE,2026-09-08T06:00:00.000Z,2026-09-08T05:05:03.364Z,2026-09-07T22:19:41.147Z,%,38,True,True,TIME_SLICER_AVERAGE
IN-WE,2026-09-08T07:00:00.000Z,2026-09-08T05:04:52.432Z,2026-09-07T23:19:38.914Z,%,39,True,True,TIME_SLICER_AVERAGE
