Region,Rank,Model,Model family,MAE,RMSE,MAPE (%),sMAPE (%),R²,Fit time (s),RMSE improvement vs best baseline (%)
IN-NO,1,"ARIMA stationary: (2,0,1) on Δ24",ARIMA/SARIMA,9.387409964275369,11.956533501267968,2.38391374695286,2.3503087946672694,0.9805995496638836,0.1367089160012256,7.607553706517764
IN-NO,2,SARIMAX + forecast renewable %,SARIMAX,10.212665187867652,12.851209470819636,2.555174017119143,2.5062880121660935,0.9775875545201028,4.042579291002767,0.6940698394666981
IN-NO,3,"SARIMA non-stationary: (1,0,1)(1,1,1,24)",ARIMA/SARIMA,10.148632629771257,12.921061834582924,2.615542237848633,2.560293373358152,0.9773432480084848,7.903218958999787,0.1542954335497964
IN-NO,4,"SARIMA stationary: (1,0,1)(1,0,1,24) on Δ24",ARIMA/SARIMA,10.16317958225225,12.94064132592152,2.61899257915863,2.5634638096831592,0.9772745317082362,3.755282874997647,0.0029976429516412
IN-NO,5,Baseline: seasonal naive (24h),Baseline,10.410714285714286,12.941029251772754,2.591308874340987,2.542238100810563,0.9772731691901744,0.0,0.0
IN-NO,6,Holt-Winters damped trend,Holt-Winters,12.244340434030144,15.513942282328278,3.233344957276706,3.1566839539294236,0.9673377887156605,0.1321359169996867,-19.88182686630639
IN-NO,7,Holt-Winters additive seasonal,Holt-Winters,12.272167556755454,15.548011301116832,3.2410230174538444,3.1640539716261427,0.9671941770784698,0.0685236660028749,-20.145090460922624
IN-NO,8,ML: Random Forest,Machine learning,12.961994236913911,16.302722673683636,3.1964907240856855,3.17919302485843,0.9639320447054002,2.505075000000943,-25.977017411118
IN-NO,9,DL: MLP neural network,Deep learning,19.06082784988244,22.60828330971091,4.952595977300136,4.762707701861518,0.9306356350321624,1.1015400830001454,-74.7023584435053
IN-NO,10,Baseline: naive last value,Baseline,76.08333333333333,109.13583715893212,22.634520694151288,18.08450009251555,-0.6163522400863584,0.0,-743.3319717902802
IN-NO,11,"ARIMA non-stationary: (2,1,1)",ARIMA/SARIMA,76.36372642623107,109.59687786393935,22.724806209389634,18.137475143633495,-0.630037537983861,0.2054167079986655,-746.894599584697
IN-WE,1,"ARIMA stationary: (2,0,1) on Δ24",ARIMA/SARIMA,16.15727709197072,19.60786171246119,2.8627167904994004,2.827216555035573,0.93404058941478,0.1351377079990925,14.009408643618034
IN-WE,2,ML: Random Forest,Machine learning,16.951696317833655,20.08601910896333,3.1141405021015065,3.0517292802042872,0.9307843919408296,2.4343298339990724,11.912441728530291
IN-WE,3,Holt-Winters damped trend,Holt-Winters,17.183309623295436,20.69600035610161,3.069913906602157,3.022315966258475,0.9265166170237178,0.3330396669989568,9.237359206687064
IN-WE,4,Holt-Winters additive seasonal,Holt-Winters,17.600498701970054,21.13059192881453,3.1476566087814484,3.095521042216831,0.9233980859271086,0.081987334000587,7.331450909081415
IN-WE,5,Baseline: seasonal naive (24h),Baseline,19.232142857142858,22.802333840452135,3.3601232601996593,3.30032837104849,0.9107979377410798,0.0,0.0
IN-WE,6,SARIMAX + forecast renewable %,SARIMAX,19.507538501365772,23.05460400162892,3.4116893021514856,3.3493298614353293,0.9088132726495128,3.997100708002108,-1.1063348293289563
IN-WE,7,"SARIMA non-stationary: (1,0,1)(1,1,1,24)",ARIMA/SARIMA,27.298850691997565,31.242437509414867,4.971897275081712,4.805266932288639,0.8325419170475296,7.444372541998746,-37.014209720891344
IN-WE,8,"SARIMA stationary: (1,0,1)(1,0,1,24) on Δ24",ARIMA/SARIMA,27.33319072679986,31.281334110989864,4.977965322933258,4.810930497972862,0.8321246893589453,3.223277834000328,-37.18479138962384
IN-WE,9,DL: MLP neural network,Deep learning,36.929233527086424,54.5531840480905,6.474256052775826,6.348085006393187,0.4894285777024616,1.4161452090011153,-139.24386174590273
IN-WE,10,"ARIMA non-stationary: (2,1,1)",ARIMA/SARIMA,68.51533721504111,99.02797038497188,13.79086061156142,11.968806530190715,-0.6824108159795816,0.1735664999978325,-334.2887490283684
IN-WE,11,Baseline: naive last value,Baseline,69.36309523809524,99.88794316871376,13.950930111011944,12.09862010115161,-0.7117582767765191,0.0,-338.06017343500633
IN-SO,1,"SARIMA stationary: (1,0,1)(1,0,1,24) on Δ24",ARIMA/SARIMA,13.70616645835696,17.210784489035916,3.1169080882635267,3.131077701605972,0.9561615733925656,3.756276916999923,11.069528049539938
IN-SO,2,"SARIMA non-stationary: (1,0,1)(1,1,1,24)",ARIMA/SARIMA,13.731278239382666,17.23806477806443,3.121662813182735,3.13634003689899,0.9560224893477643,7.61723662499935,10.928567073600917
IN-SO,3,ML: Random Forest,Machine learning,14.148951747987445,17.569670990504644,3.1980686990651583,3.20620795656981,0.9543142368776508,2.5271567499985395,9.215112524634876
IN-SO,4,"ARIMA stationary: (2,0,1) on Δ24",ARIMA/SARIMA,14.784167454079444,18.6011731406004,3.3053414653125017,3.3379300120575564,0.9487924148180724,0.0959560839983169,3.885200161583248
IN-SO,5,Baseline: seasonal naive (24h),Baseline,15.56547619047619,19.35307899706573,3.4273951018321815,3.4629636087787365,0.9445688658717566,0.0,0.0
IN-SO,6,Holt-Winters damped trend,Holt-Winters,15.440483794171945,19.390537838443173,3.403983999837014,3.4821102482026465,0.9443540788050636,0.0944445000022824,-0.193554944839127
IN-SO,7,SARIMAX + forecast renewable %,SARIMAX,15.697509711269818,19.420809340617673,3.4682419244592513,3.498921852821994,0.9441802001324548,5.148056666999764,-0.3499719272691055
IN-SO,8,Holt-Winters additive seasonal,Holt-Winters,15.545294051991965,19.509889275951306,3.42238556351089,3.502627826499334,0.9436669539638431,0.0749413339981401,-0.8102601085302641
IN-SO,9,DL: MLP neural network,Deep learning,29.674442760266295,36.245150797777384,6.522289995420737,6.624609723521148,0.8055744001048909,1.091463875000045,-87.2836399999855
IN-SO,10,Baseline: naive last value,Baseline,69.25595238095238,93.08716473335753,18.34465483013756,15.611311611250724,-0.2824287069136773,0.0,-380.9940823755805
IN-SO,11,"ARIMA non-stationary: (2,1,1)",ARIMA/SARIMA,69.54956884484103,95.88781090335884,18.60790231749864,15.656213407545202,-0.3607565500468574,0.1945359159981308,-395.4654032978275
