Region,Model,Mean residual (bias),Residual SD,Ljung-Box p (lag 24),White-noise at 5%?,Jarque-Bera p,Rank
IN-NO,"ARIMA stationary: (2,0,1) on Δ24",-5.096513135668943,10.848260307500821,1.682267938321483e-198,No,0.23220451581056858,1
IN-NO,SARIMAX + forecast renewable %,-7.6801528144262186,10.334630092679653,2.045590758722492e-161,No,0.12284197954436042,2
IN-NO,"SARIMA non-stationary: (1,0,1)(1,1,1,24)",-7.353413814079357,10.656316399549326,1.9092711620856004e-215,No,0.13722086521756474,3
IN-NO,"SARIMA stationary: (1,0,1)(1,0,1,24) on Δ24",-7.3967197094347465,10.650064675613363,7.862189526143052e-215,No,0.13689888902376635,4
IN-NO,Baseline: seasonal naive (24h),-7.934523809523809,10.253750522217947,1.4153500008717797e-154,No,0.18305343504151422,5
IN-NO,Holt-Winters damped trend,-5.647393739829723,14.49274248408558,1.108436948807011e-118,No,0.6113785048026916,6
IN-NO,Holt-Winters additive seasonal,-5.647918845957775,14.529219010808417,3.984736098435737e-119,No,0.6121836807712713,7
IN-NO,ML: Random Forest,-3.3569471096033925,16.00105254957942,5.388679845684868e-64,No,4.334494393991544e-06,8
IN-NO,DL: MLP neural network,-18.142579019967517,13.530373575918397,3.1504574315758765e-60,No,0.361579902563798,9
IN-NO,Baseline: naive last value,-67.39285714285714,86.09853954364344,1.0865585511323602e-287,No,1.9965660747935542e-05,10
IN-NO,"ARIMA non-stationary: (2,1,1)",-68.10367706540629,86.12500619895543,1.2649783020222227e-286,No,2.0662357764687043e-05,11
IN-WE,"ARIMA stationary: (2,0,1) on Δ24",-9.757228100747541,17.058630218189915,1.0377107513788426e-178,No,0.0011446644635343022,1
IN-WE,ML: Random Forest,-11.68127427559015,16.388861258699905,1.0610682695948556e-55,No,0.24319499434391054,2
IN-WE,Holt-Winters damped trend,-10.983020860682581,17.593754136410254,5.139124557038825e-151,No,0.03628904361011497,3
IN-WE,Holt-Winters additive seasonal,-11.671917609619944,17.667092242819802,1.0554997437889084e-149,No,0.04751258424774156,4
IN-WE,Baseline: seasonal naive (24h),-14.744047619047619,17.446238042685025,1.0332554175412417e-154,No,0.0008300578610224029,5
IN-WE,SARIMAX + forecast renewable %,-15.12392656274385,17.45264090433185,1.534145351857827e-158,No,0.0007953933386592022,6
IN-WE,"SARIMA non-stationary: (1,0,1)(1,1,1,24)",-26.265608189348978,16.96825113863169,8.818312561446165e-168,No,0.48276872070221677,7
IN-WE,"SARIMA stationary: (1,0,1)(1,0,1,24) on Δ24",-26.31365676166984,16.96545269289901,1.2361050500238777e-167,No,0.481782220432861,8
IN-WE,DL: MLP neural network,-11.481121553317296,53.490794323970114,1.8201442197136679e-140,No,3.6002563303736728e-09,9
IN-WE,"ARIMA non-stationary: (2,1,1)",-63.06066578424653,76.58198795051507,3.3334506971779946e-257,No,2.813577812906433e-05,10
IN-WE,Baseline: naive last value,-64.41071428571429,76.57522076634768,8.103355986307642e-258,No,2.7756030764712182e-05,11
IN-SO,"SARIMA stationary: (1,0,1)(1,0,1,24) on Δ24",4.321204945579971,16.709284738664,7.713379537572455e-292,No,0.7224326055106426,1
IN-SO,"SARIMA non-stationary: (1,0,1)(1,1,1,24)",4.386190658743804,16.720536886139623,3.3234980929731507e-292,No,0.7227767813426111,2
IN-SO,ML: Random Forest,3.1540246331049593,17.3359269248082,1.9350801411686423e-132,No,0.3646090047693375,3
IN-SO,"ARIMA stationary: (2,0,1) on Δ24",5.533634701055407,17.81210395604075,6.457107484625807e-241,No,0.7572910201192957,4
IN-SO,Baseline: seasonal naive (24h),6.648809523809524,18.229455627266976,2.103141225468862e-180,No,0.7673013545734002,5
IN-SO,Holt-Winters damped trend,11.480006446237601,15.673694508208133,7.306130123392692e-291,No,0.5360766807654073,6
IN-SO,SARIMAX + forecast renewable %,6.250615528730115,18.44240162584082,1.1542265181322333e-182,No,0.8214817026657592,7
IN-SO,Holt-Winters additive seasonal,11.770929128403862,15.605466794758824,2.367948873790382e-295,No,0.48460139980388384,8
IN-SO,DL: MLP neural network,9.023127801373336,35.20899214329321,4.711618317840374e-106,No,0.1451396639650993,9
IN-SO,Baseline: naive last value,-43.68452380952381,82.44600046446314,6.089943146881434e-265,No,2.5001176787101664e-05,10
IN-SO,"ARIMA non-stationary: (2,1,1)",-49.25140219165424,82.51850234239899,8.608974878024809e-264,No,2.6282757203372127e-05,11
